key,value
1696,생거진천문화축제
1379,백곡면 소재 밭
2998,진천농다리
2320,오목대
3411,한벽당
644,남당노을전망대
2594,의좋은형제공원
2014,신리성지
2292,예당호출렁다리
1853,속동전망대
79,간월암
3155,추정리메밀밭
1660,상당산성
898,대청호
2153,양방산전망대
745,단양강잔도
948,도담삼봉
746,단양구경시장
3564,황산대첩비
2968,지리산허브밸리
346,광한루원
996,동편제마을
466,국악의성지
2050,실상사
2964,지리산둘레길 운봉-인월
1706,서림마을
667,남원몽심재
1222,몽중산다원
2570,율포해수욕장
734,다향아트밸리
2733,전동성당
2808,전주한옥마을
2776,전주남부시장 한옥마을야시장
2734,전라감영
154,경기전
1147,메타세쿼이아 가로수길
2587,의림지파크랜드
2584,의림지
2585,의림지 용추폭포 유리전망대
2839,정읍구절초 축제 판매부스
2679,장금이 공원
2807,전주한옥레일바이크
2332,오송제 생태공원
2663,자만벽화마을
1691,색동저고리
2773,전주공예품전시관
2775,전주난장
3098,청연루
2794,전주월드컵경기장
2800,전주천
3387,한국도로공사 전주수목원
3077,철길마을
2348,옥녀교차로
484,군산근대화거리
3379,하소천길
3329,포레스트리솜 둘레길
1256,무유공간 리솜
3332,포레스트리솜 힐링문화센터
3331,포레스트리솜 해브나인스파
1410,백제문화단지
375,구드래나루터
259,공세리성당
3034,천리포수목원 에코힐링센터
3269,태안빛축제
1221,몽산포해수욕장
212,고창고인돌유적
161,경암동철길마을
1762,선유도
788,담양관방제림
1755,선운사
3021,채석강
152,격포해수욕장
3136,초원사진관
2906,죽녹원
244,곰소염전
3055,천안종합운동장
966,독립기념관
790,담양국수거리
794,담양메타세쿼이아랜드 어린이프로방스
690,내장산국립공원
2471,운조루
1739,석주관칠의사묘
2492,원송강변 자연발생유원지
2222,여수씨월드
2227,여수해상케이블카
1057,라테라스리조트앤스파
3339,푸른마리나요트
2197,여수국가산단전망대
931,덕유산 향적봉
400,구천동어사길
1264,무주덕유산리조트 관광곤도라 설천봉 승차장
2080,아르떼뮤지엄 여수
974,돌산공원
2202,여수당
2107,아쿠아플라넷 여수
93,갓버터도나스
2226,여수키스링
2981,진남관 (2023년예정)
1811,세종호수공원
2837,정원박람회
1807,세종전통문화체험관
3219,칠지공원
1232,무등산 리프트모노레일
327,광주미디어아트플랫폼 GMAP
432,국립아시아문화전당
3174,충장로거리
1150,메타프로방스
3152,추월산
1708,서부농수산물도매시장
3119,청춘발산마을
1612,사직공원 전망타워
1799,세정아울렛
182,고기사랑천일유통
2177,엑스포다리
762,단양패러명가
1117,만천하스카이워크
3191,충주호관광선 장회유람선
926,덕룡산
3027,천관산억새제
1044,땅끝마을
767,달마산미황사일원
716,녹테마레
1751,선소대교
2478,웅천친수공원
2198,여수국가산업단지
1851,소호동동다리
45,GS칼텍스 예울마루
1171,모악산
394,구이새누공원
2756,전북도립미술관
2997,진주성
3475,해운대해수욕장
3025,천곡황금박쥐동굴
3150,추암촛대바위
3083,청남대
3570,후정해수욕장
3471,해안도로
1395,백수해안도로
481,"군산근대역사박물관, 조선은행,신흥동 일본식가옥,동국사"
1244,무령왕릉
1942,순천만국가정원
1938,순천드라마촬영장
1947,순천만습지
1462,보령무궁화수목원
3263,태안 로컬푸드 직매장
893,대천해수욕장
3199,충청수영 해안경관전망대
844,대인시장
2969,지산유원지
2237,여행자의zip
434,국립아시아문화전당 문화정보원
2243,연미산자연미술공원
376,구드래조각공원
519,금강6경(고마나루솔밭)
505,궁남지
290,공주한옥마을
530,금강신관공원
544,금사리성당
1527,부여 가림성
1321,미암사
1350,반교
277,공주산성시장
468,군산 경암동 철길마을
2804,전주풍남문 및 남부시장
1186,목포 갓바위
3326,평화광장
836,대반동201
1414,백제문화축제(미르섬)
252,공산성
1448,변산해수욕장
2780,전주덕진공원
1240,무등산국립공원
1191,목포근대역사관 1관
200,고수동굴
759,단양클레이사격장
165,계룡대(2022계룡세계군문화엑스포)
3488,향적산 치유의 숲
2496,월곡영화골벽화마을
1492,보성뻘배전시관
1494,보성여관
1188,목포 근대역사문화공간
2312,오동도
1206,목포진역사공원
1200,목포스카이워크
1255,무안회산백련지
2803,전주특급열차
3343,풍남문
2805,전주풍패지관
2393,와온해변
3304,팔마실내체육관
2638,익산미륵사지
846,대장봉
1698,생거진천푸드마켓
3362,하늘다리
3001,진천종박물관
3002,진천향교
3000,진천전통시장
385,구름위의 산책
749,단양다누리센터 아쿠아리움
1780,성마루미술관
2023,신세계프리미엄아울렛 여주
3176,충주 오대호아트팩토리
2247,연세대학교 미래캠퍼스
3182,충주무학시장
1371,배론성지
1316,미리내성지
2864,제천농업기술센터
1910,수양개빛터널
950,도담삼봉관광지
949,도담삼봉가마솥손두부
3316,패러에반하다
396,구인사
2506,월명산 수시탑
2505,월명산 바다조각공원
3460,해망굴
476,군산공설시장
2139,애국지사 춘고 이인식 선생 동상
2028,신영시장
2048,신흥동일본식가옥
3468,해병대 군산 장항 이리 전투기념비
479,군산근대미술관
478,군산근대건축관
2503,월명동성당
1892,수덕공원
3461,해망쉼터
2684,장미갤러리
3004,진포해양테마공원
2862,제천 옥순봉 출렁다리
2782,전주동물원
2538,유림공원
1018,둔산선사유적지
4,1913송정역시장
1560,불꼬챙이
436,국립아시아문화전당 열린마당
2821,정금차밭
3371,하동십리벚꽃길
1606,사성암
2062,쌍산재
3526,화개장터
1719,서시천체육공원
1776,섬진강대나무숲길
218,고창읍성
785,담양 영산강 천변길
594,꽃객프로젝트
587,김제지평선축제
2796,전주자연생태관
695,내장산케이블카
2640,익산서동축제
547,금산사
249,공룡알해변
1798,세연정
1526,부안청자박물관
214,고창모양성제
633,낙서재
3358,필암서원
2757,전설의쌍화차거리
982,동국사
211,고창고인돌박물관
2576,은파호수공원
2406,왕궁리유적
2635,익산근대역사관
2072,아가페정양원
3559,황룡강생태공원
1398,백양사
1995,슬로크루즈
1438,베이커리밤마을
2857,제민천
410,국립공주박물관
1311,미르섬
634,낙안읍성민속마을
2608,이상한변호사우영우촬영지
888,대전해수욕장
606,나로우주센터 우주과학관
137,거금대교
230,고흥썬밸리리조트 사우나
1386,백리섬섬길
3309,팔영산편백치유의숲
713,녹동바다정원
331,광주시립미술관 하정웅미술관
330,광주시립미술관
3490,현대웰빙랜드
3348,풍암호수공원
1608,사인암
3492,현운요
1821,소노문단양 오션플레이
1669,상방리벽화마을
3494,현충사
2976,지중해마을
442,국립익산박물관 어린이박물관
2749,전라북도어린이창의체험관
2408,왕궁포레스트
1192,목포근대역사관 2관
1207,목포진지
2145,약사사
2683,장령산자연휴양림
2970,지역문화창작공간 둠벙
2630,익산 교도소 세트장
441,국립익산박물관
542,금마서동공원
2437,용안생태습지공원
2045,신흥근린공원
2937,중앙체육공원
1937,순천동천
195,고소대
2223,여수엑스포 컨벤션센터
2193,여수 해양공원
1104,만성리검은모래해변
657,남산공원 N서울타워
991,동산동성당
3135,초원사진
597,꽃무릇공원
2611,이순신광장
682,남해안크루즈관광 미남크루즈
3450,함평천지전통시장
2902,주포지구한옥전원마을
972,돌머리해수욕장
1902,수생식물학습원(예약필수)
2575,은적사
480,군산근대역사박물관
1486,보성강골마을
1032,득량역추억의거리
906,대한다원 본사
3261,태백산맥문학관
2275,영암 국제자동차경주장
32,BMW 도이치모터스 양재전시장
1885,송치마을
2554,유월드루지테마파크
419,국립무형유산원 얼쑤마루대공연장
2778,전주대사습천
2147,양궁체험장
418,국립무형유산원
3011,참샘샘터
772,달팽이미술관
1580,비석거리
156,경기전 출입구
676,남천교
473,군산 영화의 거리
1324,미즈노씨네 트리하우스
1025,드르쿰다
2218,여수수산물특화시장
1364,방죽포해수욕장
3375,하멜등대
3485,향일암
2201,여수낭만포차거리
894,대천해수욕장 스카이바이크
2345,오천항
129,개화예술공원
1384,백련사
932,덕유산국립공원
3294,파라다이스스파도고
2037,신정호유원지
2798,전주전통술박물관
3344,풍남문광장
2706,장태산자연휴양림
857,대전근현대사전시관
3283,테미오래
3282,테미공원
2769,전주 천리길 한옥마을 둘레길
3393,한국전통문화전당
2777,전주남부시장청년몰
1002,동학혁명기념관
2816,전주향교
2383,온양온천시장
1168,모범수산
2933,중앙시장상가
2983,진남로상가
2314,오동도 용굴
2897,좌수영음식문화거리
3399,한려해상국립공원 오동도지구
232,곡교천
1160,모나무르
2035,신정호관광단지
1945,순천만국가정원 스카이큐브매표소
2078,아랫장
3120,청춘창고
1940,순천만 달밤야시장
3538,화순군립석봉미술관
981,동구리호수공원
2040,신탄진 굴다리
2042,신탄진시장
448,국립중앙과학관
523,금강로하스 산호빛공원
869,대전신세계 아트앤사이언스
1008,두륜산케이블카
2717,저두출렁다리
2268,영랑생가
185,고려청자박물관
2038,신지명사십리해수욕장
2399,완도타워
493,군산시간여행마을
1212,목포해상케이블카 북항승강장
1711,서산동 시화골목
1193,목포남항
1211,목포해상케이블카 고하도승강장
260,공세리성지
1652,삽교호 놀이동산
229,고흥만방조제
3554,활옥동굴
3229,코리아패러글라이딩
3122,청풍랜드
577,길상사
1503,보탑사
1060,레인보우힐스컨트리클럽
457,국립해양문화재연구소
2980,직포해변
560,금오도비렁길 1코스
561,금오도비렁길 3코스
2893,"종포해양공원, 고소 1004 벽화마을"
3013,창랑적벽 전망대
340,광주패밀리랜드
2517,월출산 월출산탐방지원센터
2518,월출산 천황봉
3484,향로봉
943,도갑사
1180,모항해수욕장
150,격포항
2979,직소폭포
1783,성성호수공원
2219,여수수산시장
1948,순천만습지 순천만갈대군락지
1677,상하농원
1033,들노래 민속마을
1439,벨포레 미니골프장
3388,한국몬테소리 웰컴키즈
2947,증평 시내구경
1567,블랙스톤벨포레리조트 벨포레가든
1568,블랙스톤벨포레리조트 벨포레목장
508,귀신사석탑
2353,옥돌해수욕장
669,남원시립김병종미술관
673,남원항공우주천문대
664,남원다움관
2877,조갑녀살풀이명무관
671,남원에어레일 춘향스테이션
3161,춘향테마파크
2429,용마루길
1361,밧개해수욕장
2120,안면도수산시장
3239,큰장돌
2012,신두리해안사구
2470,운일암반일암
2032,신정호
2827,정림사지박물관
54,Nc대전유성점 챔피언
2546,유성온천지구
3477,핵인싸진관
854,대전곤충생태관
2618,이응노미술관
864,대전시립미술관
2573,으능정이스카이로드
2178,엑스포시민광장
2553,유월드 쥬라기어드벤처
3281,테디베어뮤지엄 여수
3431,한우드림 동물체험장
2552,유월드 다이노밸리
2544,유성온천공원 족욕체험장
702,냥다방
3405,한밭수목원
647,남당항대하축제
73,가정역 (폐역)
235,곡성섬진강기차마을
1355,반죽동당간지주
2628,이퀄컴퍼니
272,공주메타세콰이어숲길
268,공주고마나루
2092,아산스파비스
3166,충남대학교 정심화국제문화회관 정심화홀
1026,드림레저 패러글라이딩
3231,코인노래방
2118,안면도꽃게거리
3292,파도리해수욕장
3091,청산수목원
2084,아미미술관
1102,만리포해수욕장
810,당진전통시장
2269,영목항
2712,장항송림산림욕장
1119,말랭이마을
3121,청포대해수욕장
580,김대중컨벤션센터
1951,순천문화예술회관
2055,싱싱게장마을
2664,자산공원
2681,장도
2971,지오클럽
1753,선암사
1383,백두산천지온천
1261,무주구천동관광특구
1260,무주구천동 파회수심대일원
2721,적상산전망대
2111,안국사
125,개심사
2233,여순사건 기념관
2313,오동도 동백열차타는곳
1249,무슬목해수욕장
2176,엑스포과학공원 한빛탑
2547,유성천
2457,우암사적공원 남간정사
2548,유성호텔 대온천탕
3435,한화생명이글스파크
1481,보석박물관 주얼팰리스
2639,익산보석박물관
2407,왕궁보석테마관광지 다이노키즈월드
1314,미륵사지석탑
689,내장산
688,내장사
3305,팔복예술공장
135,갤러리한옥
629,나희도집 스물하나스물다섯 촬영지
3483,향교길
3427,한옥마을 둘레길
3410,한벽굴
2870,제천중앙시장
2210,여수세계박람회 기념관
197,고소동벽화마을
2982,진남관 임란유물전시관
2224,여수예술랜드
2179,엑스포아트갤러리
609,나빌레라문화센터
614,나주목사내아
23,39-17마중
2737,전라남도 산림자원연구소
554,금성관
2500,월류봉
769,달빛프로방스
2501,월류봉둘레길
367,교동귀금속거리
3404,한밭교육박물관
2474,웃장 국밥골목
1935,순천 전통야생차체험관
1883,송정역시장
2549,유스퀘어광주종합버스터미널
539,금남로지하상가
2482,원각사
27,5.18민주화운동기록관
2550,유스퀘어문화관 금호갤러리
1897,수륙양용시티투어버스 매표소
2287,영흥교회
3459,해룡천
2290,예당호 모노레일
1988,스플라스 리솜
2595,의좋은형제축제
1757,선운산
621,나주종합스포츠파크
3517,홍어의거리
611,나주 영산강변 산책로
1388,백마강물억새생태공원
2829,정림사지박물관 정림사지5층석탑
383,구룡사
421,국립부여박물관
1958,순천시립그림책도서관
3505,호반써밋주택 전시관
2691,장성호관광지
1399,백양사 매표소
632,낙산사
963,도째비골해랑전망대
3186,충주호
1277,묵호항
2155,양양전통시장
1052,라마다 여수해상짚트랙
264,공주 알밤센터
2259,영광물무산행복숲 질퍽질퍽맨발황톳길
1165,모래미해수욕장
2260,영광법성포굴비마을
1416,백제불교최초도래지
153,격포해수욕장 및 채석강
1336,바다마을
2529,유달산
2254,연희네슈퍼
3398,한들물빛공원
2562,육영수생가
2850,정지용생가
2367,옥천향교
297,관성회관
2364,옥천성당
2363,옥주사마소
2849,정지용문학관
3117,청천푸른내시장
1501,보은전통시장
2555,유월드루지테마파크 쥬라기 어드벤쳐
2730,전남도립미술관
1771,섬달천
3380,학산숲속시집도서관
238,곡주마을
2676,장고항
1640,삼선산수목원
2212,여수세계박람회 스카이타워
1497,보은 우당고택
1122,말티재 전망대
1433,법주사
1496,보은 삼년산성
1932,순창장류박물관
1933,순창전통고추장마을
3481,향가유원지
1930,순창발효테마파크
1413,백제문화제 공주행사장
2572,으능정이 문화의거리
1090,마주안갤러리
2473,운천호수공원
1071,루와
59,lader
1877,송림해변
459,국립해양생물자원관
821,대덕대교
2831,정부대전청사숲 숲의공원A
940,덕진연못
3260,태백산맥문학공원
1591,빛가람호수공원
1184,목사내아 앞 꽃밭
1602,사매기 째깐한 박물관
2935,중앙종합시장
883,대전중앙시장
497,군산짬뽕특화거리
494,군산시간여행축제
483,군산근대항금강권전시관 스탬프투어
2115,안마족욕카페전망
2764,전주 시내
3486,향일암 인근 전망
198,고소동천사벽화골목
1096,만경강문화관
1554,북한 반잠수정전시관
184,고란사
1530,부여관북리유적
1704,서동공원
1521,부소산성
1537,부여왕릉원 능산리고분군
2229,여수해상케이블카 자산정류장
1949,순천만자연생태관
127,개양오거리
1368,방포해수욕장
3274,태안해안국립공원 기지포 탐방센터
1688,새천년노래연습장
694,내장산조각공원
1308,미당시문학관
930,덕유산
1134,머루와인동굴
1159,명품축산물도매센터
3297,파사성
1268,무주반딧불시장
101,강경성지성당
2349,옥녀봉
96,강경근대문화거리
100,강경산 소금문학관
3414,한복궁
705,노들역 9호선
3201,충효동 분청자기전시관
344,광주호호수생태원
3289,투고패러글라이딩
763,단양호유람선
3252,탑정호수변생태공원 출렁다리
128,개태사
2377,온빛자연휴양림
835,대명산
3251,탑정호수변생태공원
427,국립세종수목원
3,1913 송정역시장
2157,어등산
1829,소맥베이커리
779,담양 메타세콰이어랜드
3223,카페이목
2579,은행나무길
964,도토리묵밥
3299,파트라슈
3057,천안중앙시장
3073,천호저수지
1118,만천하스카이워크 스카이워크전망대
761,단양패러마을
1078,마곡사
886,대전컨벤션센터
936,덕진공원 덕진호
1069,롯데시네마 익산모현
1522,부안 상설시장
1408,백제단길
2811,전주한옥마을 역사관
2754,전북대학교 전주캠퍼스
1098,만돌어촌체험마을
392,구시포해수욕장
221,고창청보리밭
462,국립현대미술관 청주
2204,여수딸기모찌
122,개도 청석포
3066,천제봉
1648,삼합싸다구
123,개도양조장
3064,천은사
3392,한국압화박물관
378,구례5일장
1718,서시천
3495,현충사 충무공이순신기념관
1682,새만금방조제
1446,변산반도국립공원
2855,제19회 익산천만송이국화축제
2253,연화정도서관
672,남원예촌by켄싱턴
1876,송광사
2967,지리산치즈랜드
1595,빛나쉼터
3465,해미읍성
3469,해상공원
3268,태안마애삼존불
409,국립공주대학교 신관캠퍼스
522,금강둔치공원
1845,소악도
816,대기점도
1819,소기점도
711,노적봉
1647,삼학도
1312,미르숲
1702,서대전공원
1815,소금박물관
2481,워렉스야영장
3473,해양힐링스파
2460,우전해수욕장
3008,짱뚱어다리
2597,이끼터널
920,더쎈패러글라이딩
1127,매창공원
3194,충청남도 공주시 중동 330-7
521,금강교
281,공주시 중동 312-3
626,"나태주골목길과 대통사, 나태주풀꽃문학관, 하숙마을"
2923,중동성당
1784,성심당문화원
3290,트래블라운지
1539,부여중앙시장
2623,이이남스튜디오
2336,오웬기념각
438,국립아시아문화전당 하늘마당
2459,우일선선교사사택
3322,펭귄마을
2307,옛터민속박물관
2027,신안사
2516,월영산 출렁다리
3216,칠백의총 기념관
719,논산선샤인랜드
172,계룡산자연사박물관
3504,호랑가시나무 아트폴리곤
2149,양림동호랑가시나무
1068,롯데시네마 군산나운
1725,서천특화시장
1996,슴갈목
1584,비인오층석탑
423,국립생태원
2462,우체통거리
2702,장자도
1668,상무지구 먹자골목
3497,형제송정떡갈비
1231,무등산 리프트&모노레일
1038,디오션리조트 피트니스센터
1795,세량제
2932,중앙시장
435,국립아시아문화전당 문화창조원
2151,양림문화역사마을
3230,코리아플라워파크
2449,우리놀이터 마루달
3425,한옥네컷
3059,천안케이블워터파크
3094,청수호수공원
2100,아원고택
2371,온누리공예
1040,딜라이트 담양
1142,메타세콰이아랜드
278,공주산성시장 문화공원
2944,중학동행정복지센터
282,공주시청년센터
3214,칠곡삼거리
65,가마미해수욕장
526,금강보행교
904,대평시장
1465,보령석탄박물관
18,20호 황제수산
1460,보령 현대시장
2382,온양온천랜드
2910,죽도보물섬관광지
1924,숙소 앞 바다
562,금의시비공원
1848,소원동산
231,고흥우주발사전망대
2421,요천수경음악분수
2647,인천가족공원
3237,큰빛교회
1083,마리서사
3003,진포 시비공원
1485,보성 실내정원
1488,보성녹차밭
41,CGV 제천
3383,학원농장
149,격포어촌계회센터 B동
98,강경발효젓갈축제
3250,탑정호 출렁다리
3159,춘장대해수욕장
2909,죽도관광지
805,담양호국민관광단지
2361,옥정호전망대
2719,적벽강
1508,봉산시장
2238,여행집
3382,학암포해수욕장
3293,파도리해식동굴
3567,황태마을
2682,장등마을
3350,프롬나드
2680,장대공원
1360,밥도둑게장마을
2832,정부세종청사 옥상정원
863,대전스카이로드
1510,봉수산
1893,수덕사
1377,배알도수변공원
1665,상무시민공원
1680,상화원
1723,서천상회
3097,청양읍 청춘거리
269,공주관광기념품가게
2327,오섬권역 다목적교류센터
2057,쌍계사
2654,일제강점기 군산역사관
661,남열해돋이해수욕장
1609,사자바위
1787,성전면 일대
1676,상춘호프
1300,물은물이요술은술이요
2337,오장성마을
1381,백곡카누2체험장
2648,인천차이나타운
2508,월미도
39,CGV 전주고사
2871,"제천중앙시장,내토전통시장,제천동문시장"
3204,측백숲으로
2586,의림지역사박물관
3123,청풍문화재단지
2930,중앙로지하상가
784,담양 별빛달빛길
1045,땅끝전망대
1891,송호해수욕장
234,곡성기차마을패러글라이딩체험
2190,여수 백일장
312,광양성황스포츠
653,남문터광장
3190,충주호관광선 장회나루
1752,선암계곡
2366,옥천전통문화체험관
3549,화인산림욕장
1843,소쇄원
2713,장항스카이워크
1148,메타세쿼이아 매표소
3333,포세이돈수상레저
1021,드들강솔밭유원지
624,나주호관광단지
2578,은행교
3195,충청남도청 구청사
1080,마래당
169,계룡산국립공원
1809,세종중앙공원
1157,명암저수지
144,것대산 활공장
1908,수암골
499,군산패러글라이딩스쿨
1617,산막이옛길
1283,문광저수지
3328,포레스트리솜
1576,비봉산
1712,서산동부전통시장
3308,팔봉산
151,격포항 수산시장
3378,하섬전망대
1176,모항방파제
208,고은정농원
2274,영산강문화공원
1423,백화산
3032,천리포수목원
3267,태안동부시장
3275,태안향교대성전
598,꽃지해수욕장
3271,태안성당
998,동학농민혁명기념관
1234,무등산 입석대
1241,무등산국립공원사무소 원효분소
2495,원효사
1557,불갑사관광지
1235,무등산 장불재
1233,무등산 서석대
2257,영광노을전시관
2262,영광산림박물관
26,5.18민주광장
1280,문경새재오픈세트장
1984,스타필드 안성
1513,봉천사
2141,애플버드
1564,뷰티풀캐리커쳐
2772,전주 한옥마을족욕
2791,전주역사박물관
2762,전주 데코르
3532,화순고인돌공원
656,남산공원
3537,화순국화향연
2533,유달산조각공원
132,객사길
1689,새콤달콤 논산 로컬푸드직매장&카페
1975,스카이배너 본사
1536,부여왕릉원
1055,라제통문
1263,무주덕유산리조트 관광곤도라
2838,정원산책
1269,무주반딧불축제
1419,백제오감체험관
999,동학사
1415,백제문화축제장 공주시
2110,아트센터고마
3208,친구집 커피로스팅 공방
3288,통도사
1330,밀락 더 마켓
404,국립경주박물관
2662,자갈치시장
2285,영화의전당
3511,홍법사
3081,첨성대
1054,라이언 홀리데이 인 부산
3575,흰여울문화마을
1238,무등산 중봉
2651,일상애
3224,칸프리미엄 민턴플레이스
163,경은사
2876,제천한방치유의숲
1531,부여구드래일원
2858,제비봉
1389,백마강생활체육공원
2174,엑스포과학공원
3104,청주랜드
1978,스카이플라이
13,2022계룡세계군문화엑스포
2372,온달관광지
205,고운골남한강갈대숲
2200,여수낭만바다요트
2208,여수베네치아호텔&리조트 13층 수영장
2634,익산 천만송이국화축제
469,군산 구 제일사료주식회사 공장
2793,전주우족설렁탕
2463,우체통거리 홍보관
845,대장도
362,괴산자연드림파크 자연경관 야경
1028,"드림파크 수영,사우나,볼링,헬쓰"
361,괴산자연드림파크 당구
976,돌산대교
2194,여수교동시장
1544,부적농협로컬푸드직매장
3386,한국대나무박물관
905,대하랑꽃게랑육교
2418,외암민속마을
2826,정렬사
913,대호수변공원
91,갑천근린공원
2574,은골어린이공원
2928,중앙공원
3535,화순고인돌전통시장
342,광주학생독립운동기념회관
1106,만연사
1223,무각사
1050,띠섬 갯벌체험
2621,이응노의집
928,덕산싸이판온천
345,광천전통시장
1403,백월산
2240,역전재래시장
1817,"소금정공원, 남한강 산책로"
2239,역전시장
2394,와온해변 일몰전망대
658,남선공원
2173,엑스포공원
1625,산책로 일대
2368,옥화9경 제1경 청석굴
1856,속리산 숲체험휴양마을
2370,옥화자연휴양림
3193,충주호종댕이길
2542,유성국화축제
2543,유성온천공원
2847,정이품송공원
3063,천연기념물센터
826,대동하늘공원
511,그네공원
2076,아기동물마을
897,대청댐전망대
3084,청남대 가로수길
1637,삼봉해수욕장
574,기지포해수욕장
2010,신두리사구센터
636,낙화암
1132,맹꽁이 서식처
887,대전컨벤션센터 제2전시장
878,대전예술의전당
38,CGV 대전탄방
1062,로보카폴리 안전체험공원
1989,스플라스 워터파크
2622,이응로선생 사적지
3522,홍주성
1129,매헌윤봉길의사기념관
3524,홍주성역사관
3518,홍예공원
3451,함평향교리 느티나무 팽나무 개서어나무 숲
3448,함평천수변공원
571,기산봉
2727,전남 함평군 함평읍 기각리 산 16
908,대한민국국향대전
586,김제전통시장
1124,망해사
1440,벽골제
2005,식영정
193,고서농협 로컬푸드직매장
2185,여미랑
2792,전주영화의거리
2577,은파호수공원 물빛다리
1543,부잔교
728,다가여행자도서관
1644,삼원한약방
1455,병천순대거리
2077,아라리오갤러리 천안
853,대전e스포츠경기장 드림아레나
3506,호암지생태공원
1917,수주팔봉
951,도담삼봉유원지
1128,매포전통시장
2657,임실치즈테마파크
1524,부안누에타운
143,건지산
576,길먹
527,금강수목원
1088,마이산 탑사
1037,디오션리조트 워터파크
138,거닐다봄
971,돈암서원
323,광주기아챔피언스필드
1952,순천문화의거리
2627,이충무공선소유적
558,금오도
683,낭도
2790,전주실내체육관
2853,제 35회 대전광역시 수석연합전
50,KAIST 본원
2581,음성종합운동장
1770,설성공원
1225,무극시장
2868,제천을노래하라
697,내토재래시장
1279,문경새재도립공원
551,금산인삼랜드 수변공원
399,구천동계곡
417,국립덕유산자연휴양림
3548,화이트블럭 천안창작촌
329,광주사직공원
3480,행정안전부 대통령기록관
1466,보령중앙시장
3200,충청수영성
1655,삽교호관광지
2300,예산장터삼국축제
2085,아미사
439,국립예산치유의숲
2422,용굴암
1692,샘고을시장
69,가온길근린공원
3342,풍기호수근린공원
968,독립기념관 단풍나무숲길
2783,전주드림랜드
1747,선비길
602,끼쟁이네
3125,청풍호관광 모노레일
1911,수양개생태공원
1616,산마을
662,남열해수욕장
1474,보문산
956,도비도항
3270,태안서부시장
1428,벌천포해수욕장
1015,두웅습지
2475,웅도
1732,석문방조제
1140,메추리섬
1936,순천대학교 박물관
1227,무녀도 갈대습지 폐염전
2703,장자도 낙조대 장자교
2143,야미도
2704,장자도 천년나무 대장봉
1764,선유도해수욕장
416,국립대전현충원
2540,유성 홈플러스
1294,문화원로
3306,팔복예술공장 내 써니카페
2852,정혜사
3438,할미젓갈
303,관촉사 석조미륵보살입상
97,강경미내다리
590,김홍신문학관
103,강경역사관(구 한일은행 강경지점)
492,군산시간여행 관광안내소
1548,부평깡통시장
2079,아론비행선박 사천조선소
2567,율어면사무소
2413,왕지중앙교회
2423,용궐산 하늘길
220,고창전통시장
1011,두암초당
1443,변산마실길 3코스(적벽강노을길)
3012,창동예술촌
687,내소사
1405,백일홍십리길
2716,잼버리공원
3472,해양드라마세트장
2938,중앙탑공원 중원탑평리7층석탑
2561,육모정
371,교룡산성
262,공주 무령왕릉과 왕릉원
274,공주보훈공원
3565,황새바위성지
1348,박찬호기념관
2305,옛공주읍사무소
1392,백사장어촌계수산시장
2117,안면도 수산시장
2596,이강하미술관
2946,증심사
2974,지인집 및 근처 산책길
365,괴산전통시장
356,괴산 동막골 절임배추
353,"괴산 5일장(3,8장)"
360,괴산자연드림파크
366,괴산친환경아로니아농원
1808,세종전통시장
2889,조치원테마거리
30,AK& 세종
88,갑사
166,계룡산
1163,모덕사
3212,칠갑산자연휴양림 수변산책길
2678,장곡사
207,고운식물원
2527,유구전통시장
2528,유구핑크뮬리정원
1266,무주반디랜드
1357,발산공원
2333,오송호수공원
1979,스타덤PC
2271,영산강 자전거길 담주길
2272,영산강 자전거길 천변~강쟁리 갈대밭
2231,여수해상케이블카 해야정류장
3061,천안홍대용과학관
2523,유관순열사유적지
2099,아우내장터
3434,한진포구 전망대
1792,성흥산 사랑나무
1387,백마강레저파크
3029,천동동굴
3187,충주호 자전거길
738,단양 금굴구석기유적지
717,논개사당
2696,장수승마레저파크
3148,추사김정희선생고택
2620,이응노미술관아트샵
3089,청룡저수지
1827,소노벨천안 오션어드벤처
1091,마차박물관체험마을
890,대천용두해양레저 타고플라이
2322,오봉산해수욕장
892,대천항수산시장
1276,무창포해수욕장
1404,백일홍꽃밭
2428,용두해수욕장
970,독산해수욕장
914,대흥공원
1475,보문산공원
3167,충남도서관
1093,마켓다원
1650,삽교천
2165,에로스서각박물관
1345,박지도
2891,종포
445,국립전주박물관
407,국립공원공단 지리산생태탐방원
1318,미리네청국장
1074,리각미술관
1786,성옥기념관
1205,목포자연사박물관 문예역사관
1194,목포문학관
1422,백호문학관
2922,중도방죽
3262,태백산맥문학기행길
240,골프존카운티 천안
3070,천주교흥덕성당
3337,푸른길공원
3242,키즈클럽(소노벨 천안)
3053,천안예술의전당
2094,아산시시설관리공단 아산시생태곤충원
1436,베어트리파크
1019,뒤웅박고을
1058,러쉬실내카트장
2404,완판본문화관
1444,변산마실길 적벽강노을길(1구간3코스)
1904,수성당
1838,소백산자연휴양림
2789,전주신중앙시장
370,교동육전
2812,전주한옥마을 초코파이체험장
121,개구리생태공원 에코센터
1208,목포춤추는바다분수
1292,문헌서원
2018,신성리갈대밭
3421,한산모시전시장
460,국립해양생물자원관 씨큐리움
301,관음봉
652,남매탑
168,계룡산 천정탐방지원센터
1716,서산중앙호수공원
1490,보성비봉공룡공원
3413,"한벽터널(스물다섯, 스물하나 촬영지)"
1325,미평봉화산산림욕장
2288,예당관광지
1421,백종원국밥거리
1511,봉수산수목원
917,대흥향교
2249,연포해수욕장
338,광주천
333,광주양림교회
573,기적소리전망대
1955,순천시 기독교역사박물관
1959,순천시청 철도문화체험관
1966,순천철도마을박물관
2912,죽도봉공원
1121,말티재
1777,섬진강수달생태공원
2195,여수교동시장 포장마차촌
838,대산원조마늘순대
952,도담상봉
3433,한재골
1514,봉황자연휴양림
1035,등나무운동장
2466,운리단길
3185,충주커피박물관
3303,팔도맛김치
46,GS칼텍스 예울마루 대극장
1001,동학사베이커리
1000,동학사계곡
902,대청호자연수변공원
1613,사천선진리성
2056,쌍계2교
1842,소소미술관
3039,천사히어로즈 복합놀이시설
2931,중앙선어시장
251,공방소소
877,대전역지하상가
1899,수변문화원
2225,여수쫑포 해양공원
1628,삼길포항
1734,석문손짜장마을
471,군산 바다
1999,시루굴
2093,아산시 온궁로문화의거리
758,단양청춘패러
3407,한밭수목원 열대식물원
1778,성남교
3406,한밭수목원 근처 그린테라피 행사장
2498,월드컵경기장 아울렛
1236,무등산 전망대
680,남평은행나무길
2591,의암류인석기념관
3184,충주세계무술공원
2904,주향한교회
592,꼬돈
1814,셀움
3394,한국조폐공사 화폐박물관
2760,전일빌딩245
2728,전남대학교 광주캠퍼스
3364,하늘물빛정원
3202,충효예공원
1690,새터농원
3400,한반도지형
1678,상하농원 파머스글램핑
1299,물염정
3540,화순서유리 공룡발자국화석산지
1744,선녀와나무꾼
284,공주알밤농원
880,대전오월드
1573,비룡담저수지
2908,죽녹원 이이남아트센터
28,5.18자유공원
1822,소노벨 변산
2766,전주 신시가지
2329,오성제저수지
2770,"전주 풍패지관, 객리단길"
1846,소양문화생태숲
2256,영광 E모빌리티 엑스포
1556,불갑사
1173,모악호수마을
965,도휴도자기공방
2081,아름다운정원화수목
3042,천안박물관
2522,유관순열사 생가
3278,태조산공원
3046,천안시청
2409,왕대사
1471,보령호
2303,옐로우지브라 담양곤충박물관
2214,여수세계박람회몽돌해변
2199,여수국제미술관
1803,세종수목원
1204,목포자연사박물관
2687,장미의거리
2263,영남루
1136,메가박스 목동
2521,위양지
2362,옥정호출렁다리
1950,순천문학관
3341,품바축제
648,남대천
2113,안렴대
1352,반딧불이 생태체험
1847,소양천
1130,맥반석손구이김
2880,조경단
3183,충주박물관
426,국립세종도서관
270,공주대학로 77-1
271,공주대학로 일대
412,국립광주박물관
1611,사직공원
2942,중외공원 용봉초록습지
1579,비빔한복
3318,패러일번지
1730,석문
959,도시재생숲
3082,첫마중길여행자도서관
422,국립부여박물관 어린이박물관
1284,문수사
246,곰소항
2301,예암산
2230,여수해상케이블카 주차타워
977,돌선도 용월사
1953,순천별량중학교 옆 지인 커피로스팅
66,가사리생태공원
1872,솟대문화공간
2358,옥순봉생태공원
3377,하선암
1086,마을회관 앞 계곡
1518,부석사
1913,수양개선사유물전시관 & 수양개빛터널
1849,소제교
2978,직산향교
1550,북부스포츠센터
2001,시민문화여성회관 성환문화회관
3127,청풍호반케이블카
1797,세병공원
1965,순천조례호수공원
2356,옥마산
1590,빛가람전망대
3359,필통게임랜드
3323,편백나무숲
1458,보라매공원
868,대전시청 남문광장
538,금남로공원
3020,채계산 출렁다리
1247,무성서원
3050,천안역사문화둘레길
2564,윤봉길의사기념관
354,괴산 농업역사박물관
444,국립장성치유의숲
2215,여수세계박람회장
825,대동천자전거길
3361,하늘공원풍차
1621,산야초전시관
2995,진안연사박물관미로공원
1622,산야초타운
1089,마이산생태수변공원
2996,진안홍삼스파
2588,의병광장
1343,박달재
2873,제천한방엑스포공원
2232,여수해양레일바이크
1736,석정휴스파
1781,성산공원
3145,최참판댁
1126,매암차박물관
994,동정호
3067,천주교 황새바위순교성지
265,공주 웅진곰나루파크골프장
2612,이순신광장 근처 해변
2580,은행마을
3545,화암서원
2265,영동레인보우힐링관광지
291,과일나라테마공원 레인보우식물원
704,노근리평화공원 사건현장
737,단양 구경시장
2513,월악산국립공원 사무소
2511,월악산국립공원  등산
1832,소백산국립공원 등산
709,노을공원
921,더인피닛
3327,평화광장해양레저스포츠체험교실
1195,목포문화재야행
1480,보석박물관 공룡테마공원
988,동문시장
2874,제천한방엑스포공원 국제발효박물관
3128,청풍호유람선
2875,제천한방엑스포공원 한방생명과학관
3126,청풍호반
2865,제천문화원
2410,왕바위공원
3236,큰끝등대
1169,모사금해수욕장
2610,이순신공원
3181,충주라바랜드
2723,적성산성
1871,솔향공원 스카이바이크
1859,속리산국립공원
1498,보은군농경문화관
1858,속리산 자생식물원
1023,드라마 촬영지
2426,용두사지철당간
3111,청주중앙공원
2605,이목대
2309,오늘또젤라또
3547,화엄사
2693,장성호수변트레킹길
3264,태안가을꽃축제
2116,안면도 백사장대하축제
1216,몽산포먹거리수산
2126,안면암 부상탑
1881,송암공원
3452,합덕성당
358,괴산산막이시장
2846,정이품송
1077,마검포해수욕장
1076,마검포항
3049,천안어린이꿈누리터
786,"담양5일장(2일,7일)"
2915,죽전골목
458,국립해양문화재연구소 목포해양유물전시관
2351,옥단이길
698,내포보부상촌
2973,지음순우리옷
1133,맹꽁이오락실
2784,전주명품관
1051,라라빈관
130,개화예술공원 개화허브랜드
1170,모산조형미술관
967,독립기념관 단풍나무길
2217,여수세계박람회장 엑스포디지털갤러리
1441,벽골제마을
584,김제마린리조트로
1302,물통골 한우마을
2726,전남 담양군 용면 용연리 산305 인공폭포
117,강천산
798,담양종합체육관
92,갑천수상스포츠체험장
1749,선샤인스튜디오
142,건지마을회관
2686,장미산성
1309,미동산수목원
2043,신평양조장
754,단양수변공원
760,단양팔경산악오토바이
1855,속리산 세조길
1500,보은미니어처공원
725,뉴이스케이프
1759,선운산생태숲
1758,선운산 수리봉
414,국립나주박물관
112,강진만생태공원
1768,선학동유채마을
2398,완도모노레일
3131,청해포구촬영장
320,광주공원
335,광주예술의거리
3568,황토길
540,금남지하상가
2096,아시아음식문화거리
2051,심포항
585,김제시청소년수련관 수영장
446,국립제천치유의숲
1907,수안보족욕체험장
1905,수안보상록호텔 사우나
1406,백제고도 부여 국화축제
2607,이사부크루즈 국동유람선
2346,오포대
2526,유구색동수국정원
2799,전주종합경기장
3499,호국철도광장
859,대전문학관
58,dtc아트센터
525,금강로하스대청공원
3052,천안역지하상가
3277,태조산
332,광주양동전통시장
1823,소노벨 변산 게임센터
3243,키즈플레이
1317,미리내좌대
2415,왜목마을
3432,한일제면소
3124,청풍호 전망대
1824,소노벨 천안
2920,중대리계곡
2241,연곡사
3240,클럽리버틴
3192,충주호유람선
40,CGV 전주효자
2453,우석대학교 전주캠퍼스
640,날라리코인노래연습장
3069,천주교우곡성지
1378,배티성지
1971,숲쟁이꽃동산
2851,정촌유기농원
1614,사호어촌계양식장
2008,신경섭 가옥
1728,"서해랑길 62코스, 천북출렁다리"
1615,사화공원
819,대내마을옛터
2899,주암면 광천리 내광마을 입구
403,국동항수변공원
2626,이천도자기축제
1380,백곡저수지삼거리
1385,백련카페
2650,일로전통시장
2758,전시장 색장정미소
2114,안마족욕카페만족
2802,전주천자전거길
3307,팔복예술공장 이팝나무그림책도서관
1552,북캠프 공주지점 밤따기 체험장
995,동천천변공원
3319,퍼스트PC카페
349,광혜원정원골프연습장
1066,롯데슈퍼
190,고산미소시장
1906,수안보연수원
2330,오성한옥마을
2751,전북 완주군 고산면 소향리 301
732,다리안관광지
1912,수양개선사유물전시관
727,능강관광지
2661,입암저수지
1597,사계고택
3571,휘목미술관
2918,줄포만갯벌생태공원 갯벌생태관
773,닭이봉
247,곰소항수산물종합시장
1177,모항전망대
2917,줄포만갯벌생태공원
148,격포수산물시장
777,담빛예술창고
973,돌문어상회
2476,웅진백제역사관
2242,연곡사 템플스테이
3354,피아골
3355,피아골계곡
2637,익산문화예술의거리
196,고소동 벽화마을
3436,한화호텔앤드리조트 여수벨메르
256,공산성 주변
1320,미스터션샤인스튜디오 매표소
3550,화지중앙시장
3030,천등산주유소
2374,온달동굴
2376,온달전시관 매표소
1756,선운사꽃무릇축제
25,5.18기념공원
242,곰섬해수욕장
3265,태안군생활체육공원
3266,태안군종합운동장
474,군산 청보리밭
488,군산세관
2328,오성산
637,낙화암 구드레공원 강경
2132,안양천 자전거길
2211,여수세계박람회 빅오
2196,여수구항해양공원
723,농어촌체험학습장
3470,해성펜션전용 갯벌체험학습장
2392,와온마을
1476,보문핼스온천
1962,순천웃장
1079,마곡사 성보박물관
253,공산성 관광안내소
467,국제LPG충전소
159,경산공설시장
3180,충주댐전망대
1346,박지성공설운동장
2943,중장농촌체험휴양마을
2074,아그로랜드 태신목장
670,남원에어레일 천문대스테이션
665,남원두부마을
1577,비비정 예술열차
1005,되재성당지
3072,천호성지
2520,위봉산성
140,거차뻘배체험장
363,괴산자연드림파크 호텔로움
2059,쌍곡계곡
983,동네산책
1143,메타세콰이어 숲길
929,덕산온천 족욕장
2590,의암공원
2325,오산활공장
1162,모니카베이커리
1670,상사마을
68,가야산소리길
1826,"소노벨변산,변산 해수욕장,채석강,변산마실길"
2840,정읍구절초축제
563,금평저수지
3205,치명자산성지
2992,진산성지
1972,숲정이성지
2187,여산성지성당
236,곡성성당
1107,만연산
726,느러지전망대
2052,심향사
3227,케이원항공경비행기조종체험비행
2658,임실치즈테마파크 체험관
1605,사선정
464,국사봉
834,대리만족힐리지 농촌체험휴양마을
2656,임실n치즈축제
67,가야산(가야봉)
2326,오서산
2432,용봉산
756,단양적성비
2375,온달문화축제
203,고우당
1409,백제무령왕릉연문
2856,제63회 한국민속예술제
3534,화순고인돌유적
1944,순천만국가정원 빛의서문
2434,용소막성당
3246,탁사정
2228,여수해상케이블카 놀아정류장
2504,월명산
95,강경근대거리
289,공주하숙마을
1993,슬로시티삼지내마을
3149,추성경기장
2158,어린이교통공원 어린이교통안전 3D입체영상관
812,당진해양캠핑공원
919,더대청호
2700,장영실과학관
3226,컨스턴트
1307,미나릿길벽화마을
3051,천안역전시장
3556,황금박쥐 생태전시관
3445,함평엑스포공원
2164,에그취
2203,여수돌문어타코
675,남천계곡
2745,전라북도119안전체험관
406,국립공원공단 내장산생태탐방원
691,내장산국립공원 서래봉코스
2279,영인산수목원
2075,아그로랜드태신목장 캠핑장
1437,베이커리 밤마을
2294,예산 삼국축제
2295,예산 치유의 숲
2097,아신극장
3519,홍원항
1939,순천만 국가정원/순천만 습지
3225,커맥라농
2705,장자마을
2669,자유시장
980,동광어시장
537,금곡사
2900,주왕산
2024,신시도 어촌체험마을
986,동리단길
2284,영평사
1366,방축천 음악분수
528,금강수변공원
3573,흥국사
292,관방제림
1141,메타세콰이아길
3546,화양구곡
679,남파랑길 81코스
619,나주영상테마파크
3279,탭그라운드
3335,포충사
884,대전천
851,대전 온천로
978,동강붉은메밀꽃축제
3402,한반도지형전망대
210,고창고인돌공원
3085,청농원
2486,원더플레이스
87,감우재전승기념관
2593,의정부실내빙상장
191,고산윤선도 유물전시관
916,대흥사
3313,팡시온
1779,성당못
771,달성군민운동장
2559,유황원스파
1569,블랙스톤벨포레리조트 익스트림루지
1566,블랙스톤벨포레리조트
866,대전시립박물관
960,도안문화공원
1663,상록리조트 상록랜드
1341,바운스트램폴린파크 광주상무센터
613,나주곰탕하얀집
1741,석촌호수 동호
1036,디아트스페이스193
2020,신세계갤러리 대전
2025,신시도초등학교 맞은 편 바다
3503,호떡당
431,국립신시도자연휴양림
2125,안면암
1674,상소동산림욕장
1726,서학동예술마을
204,고우당. 여미랑. 동국사
2609,이성당빵집.초원사진관
2600,이르리
2419,외할머니솜씨
2732,전동떡갈비
2489,원산도해수욕장
1469,보령해저터널
768,달빛갤러리
2536,유등천
1322,미애담카페
501,군산항쟁관
1265,무주덕유산리조트 설천호수
263,공주 석장리구석기유적
288,공주풀꽃문학관
2306,옛군산세관
177,계족산 황톳길
3060,천안타운홀 전망대
701,냉풍욕장
1470,보령해저터널 홍보관
1274,무창포수산물시장
2083,아모르아트웨딩컨벤션
2882,조령산자연휴양림
1282,문경에코랄라
1919,수주팔봉구름다리
379,구례산수유마을
1775,섬진강길 1코스(섬진강문학마을길)
1067,롯데스카이힐CC 부여
1,#단양노트
1427,벌교시장
714,녹동항
250,공방고운
447,국립조세박물관
1746,선문대학교 아산캠퍼스
1417,백제역사문화관
368,교동미술관
546,금산금빛시장
139,거북선대교
3241,클럽이에스 제천리조트
3238,큰악어봉
3035,천리포해수욕장
2280,영인산자연휴양림
118,강천산군립공원
1721,서인봉
1793,세계꽃식물원
1929,순창군승마장
1874,송계계곡
1785,성안길
3112,청주중앙공원 병마절도사영문
2674,잠두봉공원
1835,소백산국립공원 천동지구
1572,비로봉
1833,소백산국립공원 어의곡탐방지원센터
1495,보은 말티재전망대
1974,스카이바이크
1717,서시장전통시장
2105,아쿠아바다좌대낚시터
743,단양 체험형민물고기축양장
1549,북벽
1362,방곡
1923,숙소 근처 플로깅
2949,증평민속체험박물관
1922,숙소 근처 강아지와 산책
2948,증평군농업기술센터
2950,증평자전거공원
797,담양온천
2082,아리에뜰
57,dtc갤러리
1442,벽화거리
882,대전전통나래관
684,낭만바다요트
3457,해남공설운동장 우슬경기장
2556,유진농장
5,1950스튜디오
1750,선샤인튜디오
3562,황매산군립공원
2724,전견훤묘
1789,성주산자연휴양림
482,군산근대역사박물관/근대미술관/군산건축관/장미갤러리
3090,청보리밭
424,국립생태원 에코리움
2315,오래된미래
1151,면천읍성
3453,합덕수리민속박물관
1230,무등산 규봉암
1229,무등산
1879,송산근린공원
650,남도삼백리길 8코스(동천길)
295,관서당 남성재
3160,춘향골 공설시장
666,남원랜드
1941,순천만가든마켓
1943,순천만국가정원 꿈의다리
625,나태주골목길
1635,삼례책마을문화센터
513,그림책미술관
2148,양림동펭귄마을공예거리 운영사무소
2987,진도타워
1153,명량해상케이블카
2454,우수영국민관광지
1178,모항항
2161,어은돌해수욕장
1100,만리포 전망타워
223,고하도
1545,부주산체육공원 테니스장
1161,모노센트
2355,옥류벽화마을
871,대전신세계 아트앤사이언스 하늘공원
1519,부소담악
1901,수생식물학습원
2440,용암사 운무대
1754,선암사일주문
3298,파워마트
3036,천마산
334,광주어린이대공원
2602,이마트
843,대인문화예술시장
1882,송정 꼬브랑 동화마을
2941,중외공원
818,대나무길
2181,엑스포해양공원 해양광장
2525,유구벽화마을
1187,목포 구시가지(일제시대 가옥 거리)
2530,유달산 근교 산책
216,고창운곡람사르습지 자연생태공원
2565,"윤선도 원림, 예송리 검정몽돌해수욕장"
1046,"땅끝전망대(보죽산), 공룡알 해변"
858,대전도시재생지원센터
910,대한불교조계종 광명선원
1563,붕어섬
1356,반찬호떡
2258,영광물무산행복숲
2535,유두교
2343,오창호수공원 진입광장
516,근현대인쇄전시관
11,2022 청남대 가을 국화축제
2867,제천약초시장
3249,탑정저수지
721,논산재래시장
1968,숨바꼭질
1724,서천종합관광안내소
1335,바다 부둣가
2188,여수 국가대표패러글라이딩
1257,무장읍성
1585,비인해수욕장
534,금강하구둑관광지
3276,태조로 쉼터
2666,자연드림 괴산자연드림파크점(수영장)
1373,배론성지 성모자상
2461,우주산책
724,누워라정원
2483,원각사 전망대
548,금산수삼센터
550,금산인삼도매시장
3058,천안청년몰 흥흥발전소
2015,신부문화거리
3074,천호지근린공원
3347,풍서천
171,계룡산알밤
3353,피나클랜드 수목원
3054,천안제터먹이  페스티벌
595,꽃게다리
2095,아산은행나무길
2886,조점례남문피순대
3416,한복입는날
1850,소제동 철도관사촌
2411,왕산어촌체험휴양마을
3007,짚트랙코리아
1551,북산1리마을회관
3209,친지 밭
2213,여수세계박람회 엑스포광장
3314,팡팡플레이존
2216,여수세계박람회장 아이뮤지엄
2054,십분공방
3563,황무실성지
2186,여사울성지
309,광양공설운동장
1426,벅스코인노래연습장
78,각원사
1738,석종사
3189,충주호관광선 단양유람선입구
2939,중앙탑사적공원
570,기분좋은극장
3244,킹덤코인노래연습장
3440,함벽정
2073,아가페정원
202,고스락
2487,원불교영모묘원
699,내포한방삼계탕
2162,어진박물관
3143,최명희문학관
2786,전주부채문화관
3430,한옥마을주민자치협의회
1295,문화제조창 본관
1686,새만금환경생태단지
645,남당리대하촌
2443,용인불광사 양지수목장
3177,충주 종합관광안내소
49,K-water 충주댐 물문화관
710,노을광장
3403,한방엑스포공원
755,단양잔도길
373,구경시장
2869,제천의림지
740,단양 벽화마을
3317,패러이야기
1854,속리산 둘레길
1298,물안지
3466,해미호떡
390,구시포 노을오토캠핑장
2310,오늘쉐프
693,내장산단풍터널
2102,아이코인노래연습장
939,덕진수영장
180,고고싱
1643,삼요소
1359,밤마을
273,공주문예회관
507,귀신사
782,담양 메타세쿼이아 랜드
2926,중산일몰전망대
1181,모항해수욕장 주변 전망대.바다 낚시터
495,군산시내거리
1030,드메르웨딩홀
2124,안면도쥬라기박물관
80,간월호쉼터공원
1024,드르니항
2373,온달관광지 온달관
811,당진필경사
3147,추사기념관
1884,송촌동먹자골목
900,대청호오백리길 4구간
3118,청천호호수공원
1468,보령학성리공룡발자국화석산지
2746,전라북도공예박람회
2317,오륙도젓갈
2390,올드문 셀프스튜디오
1116,만천하 알파인코스터
2112,안동하회마을
630,낙강물길공원
747,단양군관광협회
1574,비바체리조트
2629,익금해수욕장
660,남양스크린골프존
1376,"배알도, 윤동주유고보존정병욱가옥"
315,광양윈드서핑아카데미(명당공원)
1372,배론성지 배론성당
901,대청호오백리길 4코스(호반낭만길)
2818,전주화산체육관 빙상경기장
1394,백설유통
3273,태안해변길 3코스(파도길)
2039,신진항
1179,모항항수산물직판장
623,나주향교
3028,천년가로 나주로
620,나주읍성
618,나주시목문화관
2613,이순신광장 전라좌수영거북선
55,Ok 굴비센터
2381,온양온천
105,강경젓갈시장(영진젓갈식품)
2207,여수베네치아호텔&리조트
3285,테테루테마파크
2298,예산상설시장
2532,유달산일주도로 및 둘레숲길 유달산등산
2451,우리들의블루스 촬영지
1840,소선암유원지
2729,전남대학교 박물관
336,광주월드컵경기장
1429,범바우버섯마을
2088,아산곡교천야영장
3247,탄금대
795,담양메타프로방스
776,담빛문화창고
2067,쎄븐노래연습장
33,BMW모토라드 광주전시장
2695,장수국밥
1407,백제군사박물관 (휴업중)
1043,딸기향농촌테마공원
529,금강습지생태공원
2044,신흥 도시숲공원
164,경포천
2883,조령제3관문
1914,수옥폭포
2251,연풍순교성지
875,대전엑스포아쿠아리움
2671,자전거도로
3134,초담마을
174,계룡세계군문화축제장
2715,장흥읍 원도리
2689,장성 황룡강노란꽃잔치
2747,전라북도교육청과학교육원
3523,홍주성역사공원
126,개암사
2452,우리한우마을
1337,바다수산
1087,마이산
77,각연사
808,당진시립송악도서관
1880,송악문화스포츠센터
2182,엠공사이
1326,미호동넷제로공판장
3133,초남이성지
1898,수문해수욕장
1986,스파리조트안단테 워터파크
3010,짱패러글라이딩
1164,모던타임즈
2954,지리산 연하천대피소
2953,지리산 벽소령
840,대원사
841,대원사 일주문
1353,반야봉
2957,지리산 치밭목대피소
2955,지리산 장터목대피소
2956,지리산 천왕봉
681,남해각
3255,태권도원
2720,적상산사고지유구
2539,유미네집
2919,중군마을
3479,행정마을
384,구룡치
2848,정자나무쉼터
909,대한민국술테마박물관
1618,산속등대복합문화공간
831,대둔산도립공원
2248,연수남양공원
2170,에클로그
1599,사랑나무
296,관성묘
641,남고산성
1733,석문방조제로
2675,장계관광지
2030,신월해경파출소앞
348,광한루원이
1969,숲속애빛의정원
1459,보령 청보리밭 폐목장
2940,중앙탑자전거
3071,천주터널
3022,책마을해리
1003,동호해수욕장
1473,보리나라
1182,목굴암
395,구이저수지둘레길
622,나주철도공원
85,감곡매괴 성모순교성지
254,공산성 방문자센터
3114,청주체육관
2439,용암사
1278,문경새재3관문(조령제3관문)
1382,백두대간 생태교육장
1281,문경생태미로공원
357,괴산군소금랜드
2606,이미지포유
1695,생각먹는고양이로빈
820,대담아트센터
219,고창읍성한옥마을
1085,마실장 (프리마켓)
3295,파랑책방×여래여거
3424,한수제
1479,보발재전망대
2456,우암사적공원
708,노산리솔밭자연유원지
266,공주 중동골목
2810,전주한옥마을 관광안내소
2464,우치공원
2004,시화문화마을
324,광주김치박물관
2255,염치저수지
2830,정방사
3087,청련암
1601,사랑하는교회
2785,전주모래내시장
3163,충경로사거리
891,대천항방파제등대
84,갈매못 순교성지
1740,석지제
1681,새마을전통시장
2890,종남산
387,구봉산
2058,쌍계사 대웅전
1641,삼성궁
3370,하동송림공원
2878,조개구이무한리필조개시장
1109,만인계광장
372,구 목포청년회관
712,노적봉예술공원미술관
3173,충순 구종명 영세 불망비
258,공생원
3233,콩나물동네
775,담빛마술극장
3096,청양군백제문화체험박물관
1213,몬타렉스
351,괴목삼거리
2896,좌수영거북선체험관
2022,신세계백화점 천안아산점 및 거리상점 쇼핑거리
3222,카페산
3426,한옥마을 골목 갤러리
3429,한옥마을 캐리커쳐
2652,일상애한복
496,군산월명공원
2472,운주사
1431,법성토우
70,가우도
654,남미륵사
3520,홍원항전어꽃게축제
1082,마량포해돋이마을
903,대통사지
42,CGV 천안펜타포트
3291,틈새로 바라보다 디저트 오마카세
631,낙동강회상나루관광지
1761,선유구곡
3175,충주 성서동 젊음의 거리
1137,메가박스 진천
1994,슬로시티수산 옥순정국궁장
517,글루글루
969,독립기념관 솔숲쉼터
1553,북토이
2894,좌구산명상구름다리
1453,별천지공원
2774,전주국악방송
2765,전주 시내 걸어서 구경
2753,전북대 구정문 앞 번화가
549,금산인삼
899,대청호 남대문공원
3043,천안상록리조트 아쿠아피아
1425,버터앤크리멀러스
1812,세종호수공원 중앙광장
2160,어사항
3037,천북굴단지
113,강진만춤추는갈대축제
742,단양 소노문 사우나
591,까페산 패러글라이딩
2144,야외 스퀘어가든
2068,쏠비치 진도
2512,월악산국립공원 덕주야영장
2168,에어산&구이산
731,다래목장
1329,민주지산
2365,옥천시장
3198,충청북도 영동군 상촌면 임산리 다목적광장
3197,충청북도 영동군 산촌면 물한리 산 1-1
3493,현이네분식
1967,순천푸드아트페스티벌
588,김종범 사진문화관
3487,향적산
90,갑천
603,나나랜드
3105,청주랜드 어린이체험관
1245,무령왕릉과 황새바위
287,공주착한소비곰나루장터
646,남당항
506,궁리항
815,대구삼성라이온즈파크
1639,삼색마을공동체회관
3078,철도문화마을
855,대전광역시청
3569,회덕메타세콰이아길
2907,죽녹원 매표소
1010,두빛나래
2714,장항의 집
2070,쏠비치진도 인피니티풀
2069,쏠비치 진도 신비의 바닷길 산책로
2086,아베크피씨
2524,유관순열사유적지 유관순열사기념관
64,가경터미널시장
3101,청주고인쇄박물관
3108,청주시립미술관
2397,완도금일수협 수산물산지거점유통센터
3476,해조류센터
1424,백화정
2167,에어로마스터 담양비행장
3439,함남면옥
2047,"신흥동 일본식가옥거리, 월명공원"
107,강릉임영관 삼문
3178,충주고구려비전시관
1731,석문간척지
954,도룡마을
2744,"전라병영성, 하멜박물관"
555,"금성관, 금성관길, 나주목박물관, 째깐한박물관"
1946,순천만국가정원 재입장
108,강변마을
2427,용두산
1305,뮤지엄산
3516,홍성홍주성지
3515,홍성천
3525,홍주의사총
3512,홍성 홍주읍성
2236,여주프리미엄아울렛 WEST
1703,서도역영상촬영장
827,대둔산
832,대둔산자연휴양림
933,덕주사
3056,천안종합운동장 유관순체육관
1370,배다리저수지
215,고창성당
119,개갑성지
1351,반교마을 옛담장 길
1705,서동요테마파크
1633,삼례성당
1631,삼례문화예술촌 문화예술카페
1634,삼례시장
1578,비비정 정자
3514,홍성전통시장
3360,핑크뮬리 하천생태공원
1671,상사호
2879,조개사랑횟사랑
2739,전라남도도립도서관
1203,목포시민문화체육센터 대공연장
3396,한내시장
1594,빛고을국민체육센터
3502,호남동성당
3312,팝스타동전노래연습장
1310,미래지농촌테마공원
3366,하늘정원
2021,신세계대전점 신세계갤러리
1915,수원메쎄
2990,진산리갯벌체험장
874,대전어린이회관
411,국립광주과학관
2795,전주일몽
568,기린봉 전망대
937,덕진공원 도서관
2825,정남진편백숲우드랜드
2824,정남진천문과학관
1242,무등산양떼목장
2171,에프원피싱
997,동학농민혁명기념공원
3217,칠연의총
512,그림같은수목원
2359,옥정호
337,광주챔피언스필드
2101,아이스크림옥
1489,보성벌교홍교
1575,비봉공룡알화석지
3510,홍길동테마파크
2685,장미공원
2514,월악산국립공원 제비봉코스
2002,시장할인마트
1653,삽교호 친수공원
1657,삽교호전망대종합어시장
2834,정북동토성
2560,육거리종합시장
1286,문암생태공원 수목원
3286,토성마을
1735,석장리박물관
89,갑사입구
2029,신원사
1214,몰오브효자
1895,수락폭포
245,곰소젓갈도매시장
1743,선계폭포
3248,탄금대공원
2446,용흥사
440,국립오서산자연휴양림
748,단양금굴구석기유적지
2061,쌍봉사 대웅전
3542,화순적벽
3045,천안시민체육공원
1391,백사장수산물어시장
2299,예산성당
2494,원조할머니딸 숯불곱창마을
2815,전주한옥스파휘트니스
398,구절초공원
2378,온샘근린공원
1864,속리산테마파크 모노레일
3141,초평호 한반도전망대
3140,초평저수지
3401,한반도지형전망공원
3324,평생헬스
328,광주비엔날레
2169,에이블
1619,산수동성당
502,군왕봉
3558,황룡강
2960,지리산국립공원 바래봉
3144,최여사안방마님
146,게임캠프
860,대전사정공원
1610,사정공원
873,대전아쿠아리움
1596,뿌리공원
364,괴산자연드림파크 휴센터
8,2022 괴산세계유기농산업엑스포
3103,청주동물원 호랑이
1209,목포항구포차
2003,시화마을
1769,설록다원강진
3423,한섬해변
3079,철암탄광역사촌
958,도솔산
2334,오시유
2416,왜목마을해수욕장
1816,소금정공원
3113,"청주중앙공원 병마절도사영문,압각수,망선루"
2341,오창재래시장
187,고복자연공원
987,동면삼거리
2324,오빠렌탈카
225,고하도전망대
3047,천안시청 버들광장
2885,조선조개국공신공덕비기념물
3458,해동문화예술촌
2763,전주 동물원 및 놀이공원
2771,전주 한옥마을
861,대전상공회의소
2742,전라남도해양수산과학관
1852,소호동동다리 노상
275,공주산림휴양마을
276,공주산림휴양마을 목재문화체험관
1836,소백산국립공원 천동탐방안내소
2480,웅포금강변
1315,미륵산
3014,창림동두부마을
3336,푸드사이언스관
3527,화담숲
1287,문의교회
1288,문의문화재단지
2619,"이응노미술관, 대전시립미술관"
2755,전북대학교 전주캠퍼스 건지광장
145,게임장(놀다가자팬션 앞)
1700,생일도
2106,아쿠아틱파크아마존
3095,청암산
649,남도삼백리길
935,덕진공원
3075,천호지생활체육공원
575,기차당뚝방마켓
3533,화순고인돌선사체험장
3541,화순양참사댁
2975,지적박물관
199,고수교
3443,함평 천지길
3500,호남 기후변화체험관
1022,드라마 및 영화세트장
803,담양호
1985,스토리헤어
2469,운암시장
2633,익산 제석사지
2631,익산 마한박물관
2632,익산 맘모당
3408,한밭종합운동장 충무체육관
1661,상당산성 자연마당
2872,제천한방바이오박람회
1073,류혁연의묘
984,동네슈퍼
1041,딜라이트 비누공방
1075,리스만들기 원데이 클래스
2925,중머리재
3345,풍덕교
706,노라쥬
1825,소노벨변산 오션플레이
2340,오지리313-94
3245,타임스퀘어
2645,인쇄특화거리
792,담양금성산성
1837,소백산자락길 5자락
1167,모래재 메타세콰이어길
865,대전시립미술관 창작센터
1863,속리산조각공원
2318,오모찌
1220,몽산포항 수산물판매장
136,갯벌체험
2558,유진수산
876,대전역 근처 중앙시장
31,AK플라자 세종
1149,메타쉐쿼이아랜드
2277,영암도기문화센터
2519,월출산기찬랜드
2311,오동낚시터
552,금산지구별그림책마을
1483,보석사은행나무
1340,바람아래해수욕장
2934,중앙시장정원상가
1533,부여미디어아트페스티발
1992,스플라스리솜 플렉스타워
3129,청풍호자드락길 1코스(작은동산길)
1412,백제문화제
2735,전라남도 구례군 구례읍 봉동리 303
3024,천개의향나무숲
2387,온양행궁 모형 감상하는 곳
2385,온양온천호텔 온천
2557,유진벨선교기념관
3234,쿵스게임랜드
1820,소노문 단양
3006,짚봉산
993,동적골 와인스토리
317,광주 서부시장 전복이랑죽이랑
1651,삽교호
1714,서산버드랜드
668,남원상록GC 클럽하우스
347,광한루원(오전의 자연경관 관람 목적)
2131,안심사
2156,양촌공판장
456,국립태권도박물관
3257,태권도원 모노레일승강장
1267,무주반디랜드 무주곤충박물관
3259,태권도원 평원관
311,광양서천
3165,충남대학교 대덕캠퍼스
1070,롯데시네마 청주용암
2710,장태산자연휴양림 출렁다리
3374,하루필름
2843,정읍시 국민여가캠핑장
3137,"초원사진관, 신흥동 일본가옥, 이성당"
938,덕진동1가 전북대 거리
389,구시청사거리
1228,무등갤러리
487,군산비어포트
1685,새만금종합수산시장
1583,비응항
2655,임곡교
778,담양 LP음악충전소
104,강경젓갈시장
813,대구농수산물도매시장 농산A동
2354,옥룡계곡
2991,진산리어촌계
1534,부여생활사박물관
2993,진안 마이산 관광 및 탑사 방문
1900,수북농협 로컬푸드직매장
2731,전남친환경농업담양교육원
3220,카페 자연다울수록
1927,순창CC
167,계룡산 연천봉
2053,심훈기념관
686,내변산
181,고군산군도
1586,비중문화마을다목적공원
2140,애니멀빌리지
567,기린봉
454,국립청주박물관
1887,송호국민관광지 와인체험관
2154,양산면 송호리 12-1
1888,송호국민관광지 캠핑장
2707,장태산자연휴양림 메타세콰이어산림욕장
2708,장태산자연휴양림 스카이타워
2709,장태산자연휴양림 전망대
3373,하디오렌지공원
1710,서산가로림글램핑&팬션
3539,화순무등산국립공원동부사무소
2965,지리산반달가슴곰생태학습장
1333,밀마루전망대
1987,스포츠힐링센터
1862,속리산레포츠
3171,충북알프스자연휴양림
170,계룡산국립공원 갑사1코스
1558,불갑산상사화축제
257,공산성앞 프리마켓
3531,화순 세계거석테마파크
2836,정암조광조선생 유배지
2071,쑥섬
607,나로우주해수욕장
1925,"숙소앞 핑크뮬리, 산책로"
2090,아산레일바이크
515,근처 마을
1604,사선대
2468,운서정
1059,럭셔리 노래방
703,노고단
3351,플라타너스 별빛달빛길
1801,세종문화예술회관
1504,복순이네
3232,코인스카이노래연습장
3418,한빛탑광장
601,꾸지나무캠핑장
381,구례예술인마을
226,고흥갑재민속전시관
2036,신정호생활체육공원
2103,아중저수지
377,구례 화엄사
306,광덕산
3038,천북폐목장 청보리밭
2485,원당천 계곡
1271,무주향로산자연휴양림
1954,순천봉화산둘레길3코스
116,강천사
2959,지리산국립공원 노고단코스
465,국사봉전망대
1964,순천정충사
589,김종서장군묘
158,경동성당
1099,만리포
1155,명상정원
2958,지리산가는길쉼터
51,KT&G세종타워
3420,한산모시관 홍보관
380,구례수목원
2380,온양민속박물관
2945,중흥골드스파&리조트 워터락
2740,전라남도산림자원연구소 메타세콰이어가로수길
1607,사운고택
316,광주 동구 충장축제
1111,만인산자연휴양림
1542,부자떡집
2087,아산 환경과학공원
2089,아산그린타워
305,광덕사
1991,스플라스리솜 워터파크 나이트스파
1790,성화산
2123,안면도쥬라기공원
102,강경수상레저
302,관촉사
685,낭만서프하우스
2209,여수선사유적공원
233,곡교천시민체육공원
532,금강자연미술센터
319,광주 유스퀘어 금호갤러리
1199,목포생활도자박물관
1172,모악호수
3213,칠갑산장승공원
1632,삼례사거리
3093,청수제2공원
3041,천안 포차거리
29,518공원
175,계룡스파텔 대온천탕
12,2022 청원생명축제 (오창 미래지공원)
2142,액션하우스
1239,무등산CC
2444,용천사
1224,무궁화동산
1982,스타웨이하동
243,곰성해수욕장 갯벌체험
1006,두꺼비 생태공원
823,대동벽화마을
787,담양갤러리
1693,샘머리공원
2007,식장산해돋이전망대
428,국립세종수목원 사계절전시온실
2,(구)전남도청사
1328,민주의종각
804,담양호 용마루길
1737,석정힐CC
867,대전시민천문대
2722,적상호
2936,중앙철도시장
2571,으느정이 문화으거리
3489,헌혈의집 둔산센터
700,냄시
7,2022 괴산 세계유기농 산업엑스포
179,계족산황톳길
178,계족산성
735,단국대학교 천안캠퍼스
1034,들의공원
2509,월악산
3507,호천당
2903,주포핑크뮬리
3536,화순공설운동장
2278,영암도기박물관
925,덕동계곡
1629,삼길포항방파제등대
1627,삼길포수산물직매장
3442,함평 천수변공원
1867,솔뫼성지
2788,전주시립도서관 꽃심
1420,백제왕궁박물관
2515,월악산국립공원사무소
923,더케이웨딩컨벤션
2400,완산체육생활공원
2135,안흥대성호
2136,안흥항
504,굴마을
3086,청라 은행마을
2386,온양청주온천
1977,스카이패러글라이딩
1535,부여시장
895,대천해수욕장 캠핑장
1461,보령머드박물관
188,고복저수지
924,더크루즈
1354,반야사
2060,쌍둥이네농장
2261,영광불갑테마공원
2403,완주힐조타운
1493,보성어울마당
1630,삼례문화예술촌
2166,에버랜드
885,대전청소년위캔센터
3139,초정행궁
1449,변산해수찜
1250,무심천
1638,삼산제
2339,오정농수산물도매시장
307,광덕산등산로
3044,천안시농수산물도매시장
1061,렛츠런팜 장수목장
881,대전월드컵경기장
2863,제천 월드킹
944,도갑사탐방로
429,국립세종수목원 축제마당
217,고창운곡람사르습지 자연생태공원 탐방안내소
106,강경젓갈축제
43,CGV 청주지웰시티
3284,테이크어픽쳐 셀프스튜디오
1027,드림숲
1275,무창포신비의바닷길 대하전어축제
638,낚시쿤
3551,화천기공
437,국립아시아문화전당 예술극장
1375,배방공수지구 근린공원
2289,예당무지개좌대
1869,솔향공원
674,남이자연휴양림
